index,Unnamed: 0,Star_name,Distance,Mass,Radius,Gravity
2,3,Alpha Centauri,4.4,1.1,1.2,209.51116500384126
3,12,Altair,17.0,1.8,1.8,152.37175636642996
4,18,Fomalhaut,25.0,1.9,1.8,160.83685394234269
1,1,Sirius,8.6,2.1,1.71,196.97179955032502
0,0,Sun,1.5813e-05,1.0,1.0,274.2691614595739



